{
  "@odata.context": "Lorem ipsum dolor sit amet",
  "@odata.count": 31,
  "value": [
    {
      "Id": "f9aa0fd3-83d2-461c-be80-2092cbe19e0f",
      "UrlName": "lorem-ipsum",
      "Summary": "",
      "InsightDate": "2020-08-26T23:00:00Z",
      "Title": "Kiran 99",
      "InsightType": "1",
      "FilterServicesIDs": "",
      "EngagementTime": "5",
      "DesktopImage": [],
      "MobileImage": [],
      "Services": [
        {
          "Id": "9f75d533-eaf0-48d9-b3d4-6733939642f7",
          "UrlName": "lorem-ipsum",
          "CustomRoleTitle": null,
          "Title": "Real Estate Finance"
        },
        {
          "Id": "d93dea53-fd29-4993-8d78-aa62fceb44d4",
          "UrlName": "lorem-ipsum",
          "CustomRoleTitle": null,
          "Title": "Mergers and Acquisitions"
        }
      ]
    },
    {
      "Id": "49897455-4522-4487-bb72-a8e7750e1ef6",
      "UrlName": "lorem-ipsum",
      "Summary": "",
      "InsightDate": "2020-08-24T23:00:00Z",
      "Title": "Kiran 7",
      "InsightType": "1",
      "FilterServicesIDs": "",
      "EngagementTime": "5",
      "DesktopImage": [],
      "MobileImage": [],
      "Services": [
        {
          "Id": "d93dea53-fd29-4993-8d78-aa62fceb44d4",
          "UrlName": "lorem-ipsum",
          "CustomRoleTitle": null,
          "Title": "Mergers and Acquisitions"
        },
        {
          "Id": "a28b9410-eae7-457c-a8d1-c3a59ea328de",
          "UrlName": "lorem-ipsum",
          "CustomRoleTitle": null,
          "Title": "Intellectual Property"
        }
      ]
    },
    {
      "Id": "e3ea07c8-58cf-4c89-a7c9-dbbf3b68c293",
      "UrlName": "lorem-ipsum",
      "Summary": "",
      "InsightDate": "2020-08-12T23:00:00Z",
      "Title": "Kiran 6",
      "InsightType": "1",
      "FilterServicesIDs": "",
      "EngagementTime": "2",
      "DesktopImage": [],
      "MobileImage": [],
      "Services": [
        {
          "Id": "a28b9410-eae7-457c-a8d1-c3a59ea328de",
          "UrlName": "lorem-ipsum",
          "CustomRoleTitle": null,
          "Title": "Intellectual Property"
        },
        {
          "Id": "d93dea53-fd29-4993-8d78-aa62fceb44d4",
          "UrlName": "lorem-ipsum",
          "CustomRoleTitle": null,
          "Title": "Mergers and Acquisitions"
        }
      ]
    },
    {
      "Id": "287bdf1b-875f-41a8-a9f6-16eb8d1c531f",
      "UrlName": "lorem-ipsum",
      "Summary": "",
      "InsightDate": "2020-08-11T23:00:00Z",
      "Title": "Kiran Test",
      "InsightType": "1",
      "FilterServicesIDs": "a28b9410-eae7-457c-a8d1-c3a59ea328de;",
      "EngagementTime": "2",
      "DesktopImage": [],
      "MobileImage": [],
      "Services": [
        {
          "Id": "a28b9410-eae7-457c-a8d1-c3a59ea328de",
          "UrlName": "lorem-ipsum",
          "CustomRoleTitle": null,
          "Title": "Intellectual Property"
        }
      ]
    },
    {
      "Id": "8107c6c1-413a-46b7-9026-6fba5d6ab1c8",
      "UrlName": "lorem-ipsum",
      "Summary": "",
      "InsightDate": "2020-08-11T23:00:00Z",
      "Title": "Kiran test 2",
      "InsightType": "1",
      "FilterServicesIDs": "d93dea53-fd29-4993-8d78-aa62fceb44d4;",
      "EngagementTime": "2",
      "DesktopImage": [],
      "MobileImage": [],
      "Services": [
        {
          "Id": "d93dea53-fd29-4993-8d78-aa62fceb44d4",
          "UrlName": "lorem-ipsum",
          "CustomRoleTitle": null,
          "Title": "Mergers and Acquisitions"
        }
      ]
    },
    {
      "Id": "f9007b49-0fee-47fa-a4ba-f3a0b6a27e60",
      "UrlName": "lorem-ipsum",
      "Summary": "",
      "InsightDate": "2020-08-05T23:00:00Z",
      "Title": "Kiran test 3",
      "InsightType": "1",
      "FilterServicesIDs": "9f75d533-eaf0-48d9-b3d4-6733939642f7;d93dea53-fd29-4993-8d78-aa62fceb44d4;",
      "EngagementTime": "3",
      "DesktopImage": [],
      "MobileImage": [],
      "Services": [
        {
          "Id": "9f75d533-eaf0-48d9-b3d4-6733939642f7",
          "UrlName": "lorem-ipsum",
          "CustomRoleTitle": null,
          "Title": "Real Estate Finance"
        },
        {
          "Id": "d93dea53-fd29-4993-8d78-aa62fceb44d4",
          "UrlName": "lorem-ipsum",
          "CustomRoleTitle": null,
          "Title": "Mergers and Acquisitions"
        }
      ]
    },
    {
      "Id": "2aea628c-195f-408b-bd86-8270d9c7f43c",
      "UrlName": "lorem-ipsum",
      "Summary": "Phasellus iaculis pharetra libero, eget egestas ipsum porta nec. Aliquam auctor convallis dolor eget. facilisis. Fusce posuere est id feugiat sodales. Mauris dignissim vulpu. Phasellus a diam condimentum, luctus velit id, volutpat turpis. In non dui enim.",
      "InsightDate": "2020-06-29T23:00:00Z",
      "Title": "Phasellus iaculis pharetra libero, eget egestas ipsum porta nec. Aliquam auctor convallis dolor eget",
      "InsightType": "1",
      "FilterServicesIDs": "9f75d533-eaf0-48d9-b3d4-6733939642f7;d93dea53-fd29-4993-8d78-aa62fceb44d4;a28b9410-eae7-457c-a8d1-c3a59ea328de;",
      "EngagementTime": "3",
      "DesktopImage": [
        {
          "Id": "fffc250e-20cc-4e27-8a1b-61301a261e4a",
          "Url": ""
        }
      ],
      "MobileImage": [
        {
          "Id": "1fb8e22d-a71b-46e8-af0a-7fbbc6f19073",
          "Url": ""
        }
      ],
      "Services": [
        {
          "Id": "9f75d533-eaf0-48d9-b3d4-6733939642f7",
          "UrlName": "lorem-ipsum",
          "CustomRoleTitle": null,
          "Title": "Real Estate Finance"
        },
        {
          "Id": "d93dea53-fd29-4993-8d78-aa62fceb44d4",
          "UrlName": "lorem-ipsum",
          "CustomRoleTitle": null,
          "Title": "Mergers and Acquisitions"
        },
        {
          "Id": "a28b9410-eae7-457c-a8d1-c3a59ea328de",
          "UrlName": "lorem-ipsum",
          "CustomRoleTitle": null,
          "Title": "Intellectual Property"
        }
      ]
    },
    {
      "Id": "d956cfa3-4e4f-4869-a496-92b3acfafc89",
      "UrlName": "lorem-ipsum",
      "Summary": "\nLorem ipsum dolor sit amet, consectetur adipiscing elit. Curabitur bibendum a felis condimentum porttitor. Mauris pretium odio at tellus facilisis, eu venenatis magna mollis. Quisque at odio urna. Duis lorem purus, hendrerit eu nibh at, viverra molestie urna. Pellentesque sollicitudin sed neque eu imperdiet. Pellentesque non enim blandit, viverra dui sed, dapibus diam. Donec eleifend, nunc vitae dictum feugiat, felis mi condimentum eros, eu finibus mi risus et tellus. Aliquam ut malesuada diam, a gravida massa. Curabitur pretium elit risus, vel tempus odio pellentesque non. Nulla odio mauris, sollicitudin ac orci vel, mattis gravida turpis. Fusce dui lorem, tristique aliquet tincidunt non, vehicula eu orci.",
      "InsightDate": "2020-06-24T23:00:00Z",
      "Title": "Phasellus iaculis pharetra libero, eget egestas ipsum porta nec. Aliquam auctor convallis",
      "InsightType": "4",
      "FilterServicesIDs": "9f75d533-eaf0-48d9-b3d4-6733939642f7;d93dea53-fd29-4993-8d78-aa62fceb44d4;a28b9410-eae7-457c-a8d1-c3a59ea328de;a5faa30f-5dbb-45a0-ac57-91b70be7c811;2a38ca71-e8ab-4081-ab29-0b4d1a0899b1;",
      "EngagementTime": "2:30",
      "DesktopImage": [
        {
          "Id": "394479c8-5b23-4458-a837-fb2541d16e79",
          "Url": ""
        }
      ],
      "MobileImage": [
        {
          "Id": "1fb8e22d-a71b-46e8-af0a-7fbbc6f19073",
          "Url": ""
        }
      ],
      "Services": [
        {
          "Id": "9f75d533-eaf0-48d9-b3d4-6733939642f7",
          "UrlName": "lorem-ipsum",
          "CustomRoleTitle": null,
          "Title": "Real Estate Finance"
        },
        {
          "Id": "d93dea53-fd29-4993-8d78-aa62fceb44d4",
          "UrlName": "lorem-ipsum",
          "CustomRoleTitle": null,
          "Title": "Mergers and Acquisitions"
        },
        {
          "Id": "a28b9410-eae7-457c-a8d1-c3a59ea328de",
          "UrlName": "lorem-ipsum",
          "CustomRoleTitle": null,
          "Title": "Intellectual Property"
        },
        {
          "Id": "a5faa30f-5dbb-45a0-ac57-91b70be7c811",
          "UrlName": "lorem-ipsum",
          "CustomRoleTitle": null,
          "Title": "Corporate"
        },
        {
          "Id": "2a38ca71-e8ab-4081-ab29-0b4d1a0899b1",
          "UrlName": "lorem-ipsum",
          "CustomRoleTitle": null,
          "Title": "Asset Management and Investment Funds"
        }
      ]
    },
    {
      "Id": "df4c99ac-58f0-4a40-a0d7-9e4274effce7",
      "UrlName": "lorem-ipsum",
      "Summary": "summary",
      "InsightDate": "2020-06-20T23:00:00Z",
      "Title": "Aliquam auctor convallis dolor eget",
      "InsightType": "2",
      "FilterServicesIDs": "",
      "EngagementTime": "3",
      "DesktopImage": [
        {
          "Id": "df138fab-8789-42fb-aac5-6787e99c694b",
          "Url": ""
        }
      ],
      "MobileImage": [
        {
          "Id": "1fb8e22d-a71b-46e8-af0a-7fbbc6f19073",
          "Url": ""
        }
      ],
      "Services": []
    },
    {
      "Id": "8b32a92d-e292-4ef8-ba9f-72b40f7d581c",
      "UrlName": "lorem-ipsum",
      "Summary": "\nLorem ipsum dolor sit amet, consectetur adipiscing elit. Curabitur bibendum a felis condimentum porttitor. Mauris pretium odio at tellus facilisis, eu venenatis magna mollis. Quisque at odio urna. Duis lorem purus, hendrerit eu nibh at, viverra molestie urna. Pellentesque sollicitudin sed neque eu imperdiet. Pellentesque non enim blandit, viverra dui sed, dapibus diam. Donec eleifend, nunc vitae dictum feugiat, felis mi condimentum eros, eu finibus mi risus et tellus. Aliquam ut malesuada diam, a gravida massa. Curabitur pretium elit risus, vel tempus odio pellentesque non. Nulla odio mauris, sollicitudin ac orci vel, mattis gravida turpis. Fusce dui lorem, tristique aliquet tincidunt non, vehicula eu orci.",
      "InsightDate": "2020-06-15T23:00:00Z",
      "Title": "\u201cVertical\u201d Merger Concerns: Forgotten Hurdle in Antitrust Clearance Timelines?",
      "InsightType": "1",
      "FilterServicesIDs": "",
      "EngagementTime": "1.5",
      "DesktopImage": [],
      "MobileImage": [],
      "Services": []
    },
    {
      "Id": "b1e2b84b-4d65-4a49-baf5-553b2acbd41c",
      "UrlName": "lorem-ipsum",
      "Summary": "\nLorem ipsum dolor sit amet, consectetur adipiscing elit. Curabitur bibendum a felis condimentum porttitor. Mauris pretium odio at tellus facilisis, eu venenatis magna mollis. Quisque at odio urna. Duis lorem purus, hendrerit eu nibh at, viverra molestie urna. Pellentesque sollicitudin sed neque eu imperdiet. Pellentesque non enim blandit, viverra dui sed, dapibus diam. Donec eleifend, nunc vitae dictum feugiat, felis mi condimentum eros, eu finibus mi risus et tellus. Aliquam ut malesuada diam, a gravida massa. Curabitur pretium elit risus, vel tempus odio pellentesque non. Nulla odio mauris, sollicitudin ac orci vel, mattis gravida turpis. Fusce dui lorem, tristique aliquet tincidunt non, vehicula eu orci.",
      "InsightDate": "2020-06-15T19:00:00Z",
      "Title": "Phasellus iaculis pharetra libero, eget egestas ipsum porta nec.",
      "InsightType": "1",
      "FilterServicesIDs": "",
      "EngagementTime": "2",
      "DesktopImage": [],
      "MobileImage": [],
      "Services": [
        {
          "Id": "9f75d533-eaf0-48d9-b3d4-6733939642f7",
          "UrlName": "lorem-ipsum",
          "CustomRoleTitle": null,
          "Title": "Real Estate Finance"
        }
      ]
    }
  ]
}