{
  "@odata.context": "Lorem ipsum dolor sit amet",
  "@odata.count": 13,
  "value": [
    {
      "Id": "117236e6-61b9-4d37-ba18-c61daf9f78d7",
      "PublicationDate": "2020-07-01T08:37:07Z",
      "Title": "Phasellus a diam condimentum, luctus velit id, volutpat",
      "UrlName": "Phasellus a diam condimentum, luctus velit id, volutpat",
      "Summary": "Phasellus a diam condimentum, luctus velit id, volutpat turpis. In non dui enim. Phasellus iaculis pharetra libero, eget egestas ipsum porta nec. Aliquam auctor convallis dolor eget. facilisis. Fusce posuere est id feugiat sodales. Mauris dignissim vulpu.",
      "NewsItemUrl": [
        "Phasellus a diam condimentum, luctus velit id, volutpat"
      ],
      "DesktopImage": [
        {
          "Id": "df138fab-8789-42fb-aac5-6787e99c694b",
          "Url": "lorem-ipsum"
        }
      ],
      "MobileImage": [
        {
          "Id": "1fb8e22d-a71b-46e8-af0a-7fbbc6f19073",
          "Url": "lorem-ipsum"
        }
      ]
    },
    {
      "Id": "172f873e-2b99-4233-a50a-b9518127823a",
      "PublicationDate": "2020-06-12T10:39:57Z",
      "Title": "In non dui enim. Phasellus iaculis pharetra libero, eget",
      "UrlName": "lorem-ipsum-as-abc",
      "Summary": "Phasellus a diam condimentum, luctus velit id, volutpat turpis. In non dui enim. Phasellus iaculis pharetra libero, eget egestas ipsum porta nec. Aliquam auctor convallis dolor eget. facilisis. Fusce posuere est id feugiat sodales. Mauris dignissim vulputate sapien at consectetur. Mauris dignissim vulputate sapien at consectetur sapien at consectetur consectetur.",
      "NewsItemUrl": [
        "Lorem ipsum dolor sit amet"
      ],
      "DesktopImage": [
        {
          "Id": "df138fab-8789-42fb-aac5-6787e99c694b",
          "Url": "lorem-ipsum"
        }
      ],
      "MobileImage": [
        {
          "Id": "1fb8e22d-a71b-46e8-af0a-7fbbc6f19073",
          "Url": "lorem-ipsum"
        }
      ]
    },
    {
      "Id": "e5fd3078-5236-418f-b631-f47cadb83d53",
      "PublicationDate": "2020-06-12T10:30:52Z",
      "Title": "In non dui enim. Phasellus iaculis pharetra libero, eget 10",
      "UrlName": "binolorem-ipsum-as-abc",
      "Summary": "summary",
      "NewsItemUrl": [
        "Lorem ipsum dolor sit amet"
      ],
      "DesktopImage": [
        {
          "Id": "394479c8-5b23-4458-a837-fb2541d16e79",
          "Url": "lorem-ipsum"
        }
      ],
      "MobileImage": [
        {
          "Id": "1fb8e22d-a71b-46e8-af0a-7fbbc6f19073",
          "Url": "lorem-ipsum"
        }
      ]
    },
    {
      "Id": "620d4fc0-de2c-4e2f-94b3-03cb021c46f0",
      "PublicationDate": "2020-06-12T10:27:51Z",
      "Title": "In non dui enim. Phasellus iaculis pharetra libero, eget 9",
      "UrlName": "lorem-ipsum-as-abc",
      "Summary": "Phasellus iaculis pharetra libero",
      "NewsItemUrl": [
        "Lorem ipsum dolor sit amet"
      ],
      "DesktopImage": [
        {
          "Id": "394479c8-5b23-4458-a837-fb2541d16e79",
          "Url": "lorem-ipsum"
        }
      ],
      "MobileImage": [
        {
          "Id": "1fb8e22d-a71b-46e8-af0a-7fbbc6f19073",
          "Url": "lorem-ipsum"
        }
      ]
    },
    {
      "Id": "c56a7acc-31a7-4987-9885-b383fc9f12ca",
      "PublicationDate": "2020-06-12T10:26:58Z",
      "Title": "In non dui enim. Phasellus iaculis pharetra libero, eget 8",
      "UrlName": "lorem-ipsum-as-abc",
      "Summary": "summary",
      "NewsItemUrl": [
        "Lorem ipsum dolor sit amet"
      ],
      "DesktopImage": [
        {
          "Id": "394479c8-5b23-4458-a837-fb2541d16e79",
          "Url": "lorem-ipsum"
        }
      ],
      "MobileImage": [
        {
          "Id": "1fb8e22d-a71b-46e8-af0a-7fbbc6f19073",
          "Url": "lorem-ipsum"
        }
      ]
    },
    {
      "Id": "e96b890a-2bb6-46f3-bd12-42a9f499f91c",
      "PublicationDate": "2020-06-12T10:24:08Z",
      "Title": "In non dui enim. Phasellus iaculis pharetra libero, eget",
      "UrlName": "lorem-ipsum-as-abc",
      "Summary": "summary",
      "NewsItemUrl": [
        "Lorem ipsum dolor sit amet"
      ],
      "DesktopImage": [
        {
          "Id": "394479c8-5b23-4458-a837-fb2541d16e79",
          "Url": "lorem-ipsum"
        }
      ],
      "MobileImage": [
        {
          "Id": "1fb8e22d-a71b-46e8-af0a-7fbbc6f19073",
          "Url": "lorem-ipsum"
        }
      ]
    },
    {
      "Id": "4abd2947-e8fe-46b7-8753-fb7d8d7e49bf",
      "PublicationDate": "2020-06-12T10:20:21Z",
      "Title": "Bino Ranked as Ireland\u2019s Leading Funds Practice for Ninth Consecutive Year 2",
      "UrlName": "lorem-ipsum-as-abc",
      "Summary": "Phasellus iaculis pharetra libero, eget egestas ipsum porta nec. Aliquam auctor convallis dolor eget. facilisis. Fusce posuere est id feugiat sodales. Mauris dignissim vulpu. Phasellus a diam condimentum, luctus velit id, volutpat turpis. In non dui enim. Phasellus iaculis pharetra libero, eget egestas ipsum porta nec. Aliquam auctor convallis dolor eget.",
      "NewsItemUrl": [
        "Lorem ipsum dolor sit amet"
      ],
      "DesktopImage": [
        {
          "Id": "df138fab-8789-42fb-aac5-6787e99c694b",
          "Url": "lorem-ipsum"
        }
      ],
      "MobileImage": [
        {
          "Id": "1fb8e22d-a71b-46e8-af0a-7fbbc6f19073",
          "Url": "lorem-ipsum"
        }
      ]
    },
    {
      "Id": "d6a3d45a-35f7-46fa-ad9a-6c0d2bb09b8f",
      "PublicationDate": "2020-06-11T23:00:00Z",
      "Title": "COVID-19 Insights Centre: Bino Update",
      "UrlName": "lorem-ipsum-as-abc",
      "Summary": "Phasellus iaculis pharetra libero, eget egestas ipsum porta nec. Aliquam auctor convallis dolor eget. facilisis. Fusce posuere est id feugiat sodales. Mauris dignissim vulpu. Phasellus a diam condimentum, luctus velit id, volutpat turpis. In non dui enim. Phasellus iaculis pharetra libero, eget egestas ipsum porta nec. Aliquam auctor convallis dolor eget.",
      "NewsItemUrl": [
        "Lorem ipsum dolor sit amet"
      ],
      "DesktopImage": [
        {
          "Id": "fffc250e-20cc-4e27-8a1b-61301a261e4a",
          "Url": "lorem-ipsum"
        }
      ],
      "MobileImage": [
        {
          "Id": "1fb8e22d-a71b-46e8-af0a-7fbbc6f19073",
          "Url": "lorem-ipsum"
        }
      ]
    },
    {
      "Id": "5a4b7a0d-e6fe-4384-9b32-637fe3eb4846",
      "PublicationDate": "2020-03-11T14:21:25Z",
      "Title": "In non dui enim. Phasellus iaculis pharetra libero, eget",
      "UrlName": "lorem-ipsum-as-abc",
      "Summary": "summary",
      "NewsItemUrl": [
        "Lorem ipsum dolor sit amet"
      ],
      "DesktopImage": [
        {
          "Id": "394479c8-5b23-4458-a837-fb2541d16e79",
          "Url": "lorem-ipsum"
        }
      ],
      "MobileImage": [
        {
          "Id": "1fb8e22d-a71b-46e8-af0a-7fbbc6f19073",
          "Url": "lorem-ipsum"
        }
      ]
    },
    {
      "Id": "278f183f-4af5-4cd9-a4ef-8dcaa1ecc864",
      "PublicationDate": "2020-03-02T14:22:08Z",
      "Title": "In non dui enim. Phasellus iaculis pharetra libero, eget",
      "UrlName": "lorem-ipsum-as-abc",
      "Summary": "Phasellus iaculis pharetra libero, eget egestas ipsum porta nec. Aliquam auctor convallis dolor eget. facilisis. Fusce posuere est id feugiat sodales. Mauris dignissim vulpu. Phasellus a diam condimentum, luctus velit id, volutpat turpis. In non dui enim. Phasellus iaculis pharetra libero, eget egestas ipsum porta nec. Aliquam auctor convallis dolor eget.",
      "NewsItemUrl": [
        "Lorem ipsum dolor sit amet"
      ],
      "DesktopImage": [
        {
          "Id": "df138fab-8789-42fb-aac5-6787e99c694b",
          "Url": "lorem-ipsum"
        }
      ],
      "MobileImage": [
        {
          "Id": "1fb8e22d-a71b-46e8-af0a-7fbbc6f19073",
          "Url": "lorem-ipsum"
        }
      ]
    },
    {
      "Id": "4e11d3d8-0c05-45b7-925d-4240db801964",
      "PublicationDate": "2019-06-11T23:00:00Z",
      "Title": "In non dui enim. Phasellus iaculis pharetra libero, eget",
      "UrlName": "lorem-ipsum-as-abc",
      "Summary": "summary",
      "NewsItemUrl": [
        "Lorem ipsum dolor sit amet"
      ],
      "DesktopImage": [
        {
          "Id": "394479c8-5b23-4458-a837-fb2541d16e79",
          "Url": "lorem-ipsum"
        }
      ],
      "MobileImage": [
        {
          "Id": "1fb8e22d-a71b-46e8-af0a-7fbbc6f19073",
          "Url": "lorem-ipsum"
        }
      ]
    }
  ]
}