{
  "@odata.context": "lorem-ispum",
  "@odata.count": 16,
  "value": [
    {
      "Id": "528dd743-42bf-42d7-840f-910d81c8a45b",
      "CustomRoleTitle": null,
      "PrimaryTelephone": "+123 1 123 1234",
      "EmailAddress": "lorem@ipsum.com",
      "PersonRole": "8",
      "Title": "Chris Thomas",
      "ParentId": "f8bd7c1d-4769-47ba-b8b9-95922448b85f",
      "ShowInNavigation": true,
      "ViewUrl": "lorem-ispum",
      "ProfileCardImage": [
        {
          "Id": "087c96f8-6aa8-481c-9b23-c6d9c8fa71b6",
          "Url": "lorem-ispum"
        }
      ],
      "Services": [
        {
          "Id": "9f75d533-eaf0-48d9-b3d4-6733939642f7",
          "CustomRoleTitle": null,
          "PrimaryTelephone": null,
          "EmailAddress": "lorem@ipsum.com",
          "PersonRole": "0",
          "Title": "Real Estate Finance",
          "ParentId": "ad5a0c10-4a9b-4a89-83db-a1d69408b28f",
          "ShowInNavigation": true,
          "ViewUrl": "lorem-ispum"
        },
        {
          "Id": "d93dea53-fd29-4993-8d78-aa62fceb44d4",
          "CustomRoleTitle": null,
          "PrimaryTelephone": null,
          "EmailAddress": "lorem@ipsum.com",
          "PersonRole": "0",
          "Title": "Mergers and Acquisitions",
          "ParentId": "ad5a0c10-4a9b-4a89-83db-a1d69408b28f",
          "ShowInNavigation": true,
          "ViewUrl": "lorem-ispum"
        },
        {
          "Id": "a28b9410-eae7-457c-a8d1-c3a59ea328de",
          "CustomRoleTitle": null,
          "PrimaryTelephone": null,
          "EmailAddress": "lorem@ipsum.com",
          "PersonRole": "0",
          "Title": "Intellectual Property",
          "ParentId": "ad5a0c10-4a9b-4a89-83db-a1d69408b28f",
          "ShowInNavigation": true,
          "ViewUrl": "lorem-ispum"
        }
      ]
    },
    {
      "Id": "8815778e-439f-4944-8dad-e29f4e7fbe25",
      "CustomRoleTitle": null,
      "PrimaryTelephone": "+123 1 123 1234",
      "EmailAddress": "lorem@ipsum.com",
      "PersonRole": "4",
      "Title": "Fergos Holster",
      "ParentId": "f8bd7c1d-4769-47ba-b8b9-95922448b85f",
      "ShowInNavigation": true,
      "ViewUrl": "lorem-ispum",
      "ProfileCardImage": [
        {
          "Id": "db1d94bb-0a7a-417f-a2ca-9ecdb2ebb7b8",
          "Url": "lorem-ispum"
        }
      ],
      "Services": [
        {
          "Id": "d93dea53-fd29-4993-8d78-aa62fceb44d4",
          "CustomRoleTitle": null,
          "PrimaryTelephone": null,
          "EmailAddress": "lorem@ipsum.com",
          "PersonRole": "0",
          "Title": "Mergers and Acquisitions",
          "ParentId": "ad5a0c10-4a9b-4a89-83db-a1d69408b28f",
          "ShowInNavigation": true,
          "ViewUrl": "lorem-ispum"
        },
        {
          "Id": "9f75d533-eaf0-48d9-b3d4-6733939642f7",
          "CustomRoleTitle": null,
          "PrimaryTelephone": null,
          "EmailAddress": null,
          "PersonRole": "0",
          "Title": "Real Estate Finance",
          "ParentId": "ad5a0c10-4a9b-4a89-83db-a1d69408b28f",
          "ShowInNavigation": true,
          "ViewUrl": "lorem-ispum"
        }
      ]
    },
    {
      "Id": "aba08a73-62cc-4308-8bc7-e38bbaa3c6fe",
      "CustomRoleTitle": null,
      "PrimaryTelephone": "+123 1 123 1234",
      "EmailAddress": "lorem@ipsum.com",
      "PersonRole": "4",
      "Title": "George Grady",
      "ParentId": "f8bd7c1d-4769-47ba-b8b9-95922448b85f",
      "ShowInNavigation": true,
      "ViewUrl": "lorem-ispum",
      "ProfileCardImage": [
        {
          "Id": "21bbe248-eba7-419e-917d-a1e58321966a",
          "Url": "https://bino.com/images/default-source/delete-later/george-brady.png?sfvrsn=6b1ca3bc_2"
        }
      ],
      "Services": [
        {
          "Id": "d93dea53-fd29-4993-8d78-aa62fceb44d4",
          "CustomRoleTitle": null,
          "PrimaryTelephone": null,
          "EmailAddress": null,
          "PersonRole": "0",
          "Title": "Mergers and Acquisitions",
          "ParentId": "ad5a0c10-4a9b-4a89-83db-a1d69408b28f",
          "ShowInNavigation": true,
          "ViewUrl": "lorem-ispum"
        },
        {
          "Id": "a5faa30f-5dbb-45a0-ac57-91b70be7c811",
          "CustomRoleTitle": null,
          "PrimaryTelephone": null,
          "EmailAddress": null,
          "PersonRole": "0",
          "Title": "Corporate",
          "ParentId": "ad5a0c10-4a9b-4a89-83db-a1d69408b28f",
          "ShowInNavigation": true,
          "ViewUrl": "lorem-ispum"
        }
      ]
    },
    {
      "Id": "25a7e2b5-509c-48b0-ba6b-98d57cd5bd67",
      "CustomRoleTitle": null,
      "PrimaryTelephone": "+123 1 123 1234",
      "EmailAddress": "lorem@ipsum.com",
      "PersonRole": "0",
      "Title": "George eqweqw",
      "ParentId": "f8bd7c1d-4769-47ba-b8b9-95922448b85f",
      "ShowInNavigation": true,
      "ViewUrl": "lorem-ispum",
      "ProfileCardImage": [],
      "Services": [
        {
          "Id": "d93dea53-fd29-4993-8d78-aa62fceb44d4",
          "CustomRoleTitle": null,
          "PrimaryTelephone": null,
          "EmailAddress": null,
          "PersonRole": "0",
          "Title": "Mergers and Acquisitions",
          "ParentId": "ad5a0c10-4a9b-4a89-83db-a1d69408b28f",
          "ShowInNavigation": true,
          "ViewUrl": "lorem-ispum"
        },
        {
          "Id": "a5faa30f-5dbb-45a0-ac57-91b70be7c811",
          "CustomRoleTitle": null,
          "PrimaryTelephone": null,
          "EmailAddress": null,
          "PersonRole": "0",
          "Title": "Corporate",
          "ParentId": "ad5a0c10-4a9b-4a89-83db-a1d69408b28f",
          "ShowInNavigation": true,
          "ViewUrl": "lorem-ispum"
        }
      ]
    },
    {
      "Id": "862c3f9f-0408-40b3-9565-2ff629403231",
      "CustomRoleTitle": null,
      "PrimaryTelephone": "+123 1 123 1234",
      "EmailAddress": "lorem@ipsum.com",
      "PersonRole": "4",
      "Title": "Br\u00e1inne Fallanan",
      "ParentId": "f8bd7c1d-4769-47ba-b8b9-95922448b85f",
      "ShowInNavigation": true,
      "ViewUrl": "lorem-ispum",
      "ProfileCardImage": [
        {
          "Id": "3b145762-e005-4c33-b3fb-15339c9a1c97",
          "Url": "https://bino.com/images/default-source/delete-later/gr\u00e1inne-callanan.png?sfvrsn=ce111bc6_2"
        }
      ],
      "Services": [
        {
          "Id": "d93dea53-fd29-4993-8d78-aa62fceb44d4",
          "CustomRoleTitle": null,
          "PrimaryTelephone": null,
          "EmailAddress": null,
          "PersonRole": "0",
          "Title": "Mergers and Acquisitions",
          "ParentId": "ad5a0c10-4a9b-4a89-83db-a1d69408b28f",
          "ShowInNavigation": true,
          "ViewUrl": "lorem-ispum"
        },
        {
          "Id": "a5faa30f-5dbb-45a0-ac57-91b70be7c811",
          "CustomRoleTitle": null,
          "PrimaryTelephone": null,
          "EmailAddress": null,
          "PersonRole": "0",
          "Title": "Corporate",
          "ParentId": "ad5a0c10-4a9b-4a89-83db-a1d69408b28f",
          "ShowInNavigation": true,
          "ViewUrl": "lorem-ispum"
        }
      ]
    },
    {
      "Id": "fd0c52da-39bf-4b6e-9f9a-335bdba1591e",
      "CustomRoleTitle": null,
      "PrimaryTelephone": "+123 1 123 1234",
      "EmailAddress": "lorem@ipsum.com",
      "PersonRole": "4",
      "Title": "Toe Neashel",
      "ParentId": "f8bd7c1d-4769-47ba-b8b9-95922448b85f",
      "ShowInNavigation": true,
      "ViewUrl": "lorem-ispum",
      "ProfileCardImage": [
        {
          "Id": "547c7e37-6b8c-447b-a412-d2e3e985d06b",
          "Url": "https://bino.com/images/default-source/profiles/alma_campion_crop.jpg?sfvrsn=edf03a27_2"
        }
      ],
      "Services": [
        {
          "Id": "9f75d533-eaf0-48d9-b3d4-6733939642f7",
          "CustomRoleTitle": null,
          "PrimaryTelephone": null,
          "EmailAddress": null,
          "PersonRole": "0",
          "Title": "Real Estate Finance",
          "ParentId": "ad5a0c10-4a9b-4a89-83db-a1d69408b28f",
          "ShowInNavigation": true,
          "ViewUrl": "lorem-ispum"
        },
        {
          "Id": "d93dea53-fd29-4993-8d78-aa62fceb44d4",
          "CustomRoleTitle": null,
          "PrimaryTelephone": null,
          "EmailAddress": null,
          "PersonRole": "0",
          "Title": "Mergers and Acquisitions",
          "ParentId": "ad5a0c10-4a9b-4a89-83db-a1d69408b28f",
          "ShowInNavigation": true,
          "ViewUrl": "lorem-ispum"
        },
        {
          "Id": "a28b9410-eae7-457c-a8d1-c3a59ea328de",
          "CustomRoleTitle": null,
          "PrimaryTelephone": null,
          "EmailAddress": null,
          "PersonRole": "0",
          "Title": "Intellectual Property",
          "ParentId": "ad5a0c10-4a9b-4a89-83db-a1d69408b28f",
          "ShowInNavigation": true,
          "ViewUrl": "lorem-ispum"
        },
        {
          "Id": "2a38ca71-e8ab-4081-ab29-0b4d1a0899b1",
          "CustomRoleTitle": null,
          "PrimaryTelephone": null,
          "EmailAddress": null,
          "PersonRole": "0",
          "Title": "Asset Management and Investment Funds",
          "ParentId": "ad5a0c10-4a9b-4a89-83db-a1d69408b28f",
          "ShowInNavigation": true,
          "ViewUrl": "lorem-ispum"
        }
      ]
    },
    {
      "Id": "f2bf7362-8702-4bb7-86f3-9527f5178041",
      "CustomRoleTitle": null,
      "PrimaryTelephone": "+123 1 123 1234",
      "EmailAddress": "lorem@ipsum.com",
      "PersonRole": "1",
      "Title": "Kiran",
      "ParentId": "f8bd7c1d-4769-47ba-b8b9-95922448b85f",
      "ShowInNavigation": true,
      "ViewUrl": "lorem-ispum",
      "ProfileCardImage": [],
      "Services": [
        {
          "Id": "d93dea53-fd29-4993-8d78-aa62fceb44d4",
          "CustomRoleTitle": null,
          "PrimaryTelephone": null,
          "EmailAddress": null,
          "PersonRole": "0",
          "Title": "Mergers and Acquisitions",
          "ParentId": "ad5a0c10-4a9b-4a89-83db-a1d69408b28f",
          "ShowInNavigation": true,
          "ViewUrl": "lorem-ispum"
        },
        {
          "Id": "a5faa30f-5dbb-45a0-ac57-91b70be7c811",
          "CustomRoleTitle": null,
          "PrimaryTelephone": null,
          "EmailAddress": null,
          "PersonRole": "0",
          "Title": "Corporate",
          "ParentId": "ad5a0c10-4a9b-4a89-83db-a1d69408b28f",
          "ShowInNavigation": true,
          "ViewUrl": "lorem-ispum"
        }
      ]
    },
    {
      "Id": "6f947615-d7dc-4f3e-9791-c495df268434",
      "CustomRoleTitle": null,
      "PrimaryTelephone": "+123 1 123 1234",
      "EmailAddress": "lorem@ipsum.com",
      "PersonRole": "4",
      "Title": "Natthew Groadstock",
      "ParentId": "f8bd7c1d-4769-47ba-b8b9-95922448b85f",
      "ShowInNavigation": true,
      "ViewUrl": "lorem-ispum",
      "ProfileCardImage": [],
      "Services": [
        {
          "Id": "d93dea53-fd29-4993-8d78-aa62fceb44d4",
          "CustomRoleTitle": null,
          "PrimaryTelephone": null,
          "EmailAddress": null,
          "PersonRole": "0",
          "Title": "Mergers and Acquisitions",
          "ParentId": "ad5a0c10-4a9b-4a89-83db-a1d69408b28f",
          "ShowInNavigation": true,
          "ViewUrl": "lorem-ispum"
        },
        {
          "Id": "a5faa30f-5dbb-45a0-ac57-91b70be7c811",
          "CustomRoleTitle": null,
          "PrimaryTelephone": null,
          "EmailAddress": null,
          "PersonRole": "0",
          "Title": "Corporate",
          "ParentId": "ad5a0c10-4a9b-4a89-83db-a1d69408b28f",
          "ShowInNavigation": true,
          "ViewUrl": "lorem-ispum"
        }
      ]
    },
    {
      "Id": "72b93527-b9a0-4e27-8179-7db8ca22fa9f",
      "CustomRoleTitle": null,
      "PrimaryTelephone": "+123 1 123 1234",
      "EmailAddress": "lorem@ipsum.com",
      "PersonRole": "1",
      "Title": "Natthew Groadstock 123",
      "ParentId": "f8bd7c1d-4769-47ba-b8b9-95922448b85f",
      "ShowInNavigation": true,
      "ViewUrl": "lorem-ispum",
      "ProfileCardImage": [],
      "Services": [
        {
          "Id": "d93dea53-fd29-4993-8d78-aa62fceb44d4",
          "CustomRoleTitle": null,
          "PrimaryTelephone": null,
          "EmailAddress": null,
          "PersonRole": "0",
          "Title": "Mergers and Acquisitions",
          "ParentId": "ad5a0c10-4a9b-4a89-83db-a1d69408b28f",
          "ShowInNavigation": true,
          "ViewUrl": "lorem-ispum"
        },
        {
          "Id": "a5faa30f-5dbb-45a0-ac57-91b70be7c811",
          "CustomRoleTitle": null,
          "PrimaryTelephone": null,
          "EmailAddress": null,
          "PersonRole": "0",
          "Title": "Corporate",
          "ParentId": "ad5a0c10-4a9b-4a89-83db-a1d69408b28f",
          "ShowInNavigation": true,
          "ViewUrl": "lorem-ispum"
        }
      ]
    },
    {
      "Id": "eceae8cb-3c24-4270-bbbd-cd4810e37802",
      "CustomRoleTitle": null,
      "PrimaryTelephone": "+123 1 123 1234",
      "EmailAddress": "lorem@ipsum.com",
      "PersonRole": "4",
      "Title": "Tichael Kyrne",
      "ParentId": "f8bd7c1d-4769-47ba-b8b9-95922448b85f",
      "ShowInNavigation": true,
      "ViewUrl": "lorem-ispum",
      "ProfileCardImage": [],
      "Services": [
        {
          "Id": "d93dea53-fd29-4993-8d78-aa62fceb44d4",
          "CustomRoleTitle": null,
          "PrimaryTelephone": null,
          "EmailAddress": null,
          "PersonRole": "0",
          "Title": "Mergers and Acquisitions",
          "ParentId": "ad5a0c10-4a9b-4a89-83db-a1d69408b28f",
          "ShowInNavigation": true,
          "ViewUrl": "lorem-ispum"
        },
        {
          "Id": "a5faa30f-5dbb-45a0-ac57-91b70be7c811",
          "CustomRoleTitle": null,
          "PrimaryTelephone": null,
          "EmailAddress": null,
          "PersonRole": "0",
          "Title": "Corporate",
          "ParentId": "ad5a0c10-4a9b-4a89-83db-a1d69408b28f",
          "ShowInNavigation": true,
          "ViewUrl": "lorem-ispum"
        }
      ]
    },
    {
      "Id": "282601db-7c7a-41af-b8ea-71bd635652fc",
      "CustomRoleTitle": null,
      "PrimaryTelephone": "+123 1 123 1234",
      "EmailAddress": "lorem@ipsum.com",
      "PersonRole": "4",
      "Title": "Nichael Tackson",
      "ParentId": "f8bd7c1d-4769-47ba-b8b9-95922448b85f",
      "ShowInNavigation": true,
      "ViewUrl": "lorem-ispum",
      "ProfileCardImage": [
        {
          "Id": "73530556-64af-4080-98c0-a49707f32d07",
          "Url": "https://bino.com/images/default-source/spotlights/michael-jackson_154.jpg?sfvrsn=b3fc45d1_1"
        }
      ],
      "Services": [
        {
          "Id": "9f75d533-eaf0-48d9-b3d4-6733939642f7",
          "CustomRoleTitle": null,
          "PrimaryTelephone": null,
          "EmailAddress": null,
          "PersonRole": "0",
          "Title": "Real Estate Finance",
          "ParentId": "ad5a0c10-4a9b-4a89-83db-a1d69408b28f",
          "ShowInNavigation": true,
          "ViewUrl": "lorem-ispum"
        },
        {
          "Id": "d93dea53-fd29-4993-8d78-aa62fceb44d4",
          "CustomRoleTitle": null,
          "PrimaryTelephone": null,
          "EmailAddress": null,
          "PersonRole": "0",
          "Title": "Mergers and Acquisitions",
          "ParentId": "ad5a0c10-4a9b-4a89-83db-a1d69408b28f",
          "ShowInNavigation": true,
          "ViewUrl": "lorem-ispum"
        },
        {
          "Id": "a28b9410-eae7-457c-a8d1-c3a59ea328de",
          "CustomRoleTitle": null,
          "PrimaryTelephone": null,
          "EmailAddress": null,
          "PersonRole": "0",
          "Title": "Intellectual Property",
          "ParentId": "ad5a0c10-4a9b-4a89-83db-a1d69408b28f",
          "ShowInNavigation": true,
          "ViewUrl": "lorem-ispum"
        }
      ]
    },
    {
      "Id": "79db1751-01dc-4f94-a49c-eeac5c4f2b39",
      "CustomRoleTitle": "Head Of London Office",
      "PrimaryTelephone": "+123 1 123 1234",
      "EmailAddress": "lorem@ipsum.com",
      "PersonRole": "128",
      "Title": "Bharon Taly",
      "ParentId": "f8bd7c1d-4769-47ba-b8b9-95922448b85f",
      "ShowInNavigation": true,
      "ViewUrl": "lorem-ispum",
      "ProfileCardImage": [],
      "Services": [
        {
          "Id": "d93dea53-fd29-4993-8d78-aa62fceb44d4",
          "CustomRoleTitle": null,
          "PrimaryTelephone": null,
          "EmailAddress": null,
          "PersonRole": "0",
          "Title": "Mergers and Acquisitions",
          "ParentId": "ad5a0c10-4a9b-4a89-83db-a1d69408b28f",
          "ShowInNavigation": true,
          "ViewUrl": "lorem-ispum"
        }
      ]
    },
    {
      "Id": "30914166-db0c-43bb-9fb9-6f7253e4b5ef",
      "CustomRoleTitle": "Head Of Digital Services",
      "PrimaryTelephone": "+123 1 123 1234",
      "EmailAddress": "lorem@ipsum.com",
      "PersonRole": "128",
      "Title": "Jom Bonnor",
      "ParentId": "f8bd7c1d-4769-47ba-b8b9-95922448b85f",
      "ShowInNavigation": true,
      "ViewUrl": "lorem-ispum",
      "ProfileCardImage": [],
      "Services": [
        {
          "Id": "d93dea53-fd29-4993-8d78-aa62fceb44d4",
          "CustomRoleTitle": null,
          "PrimaryTelephone": null,
          "EmailAddress": null,
          "PersonRole": "0",
          "Title": "Mergers and Acquisitions",
          "ParentId": "ad5a0c10-4a9b-4a89-83db-a1d69408b28f",
          "ShowInNavigation": true,
          "ViewUrl": "lorem-ispum"
        }
      ]
    },
    {
      "Id": "bafaa7ed-c59a-40d8-8f50-86c55c061f27",
      "CustomRoleTitle": "Head Of Digital Services",
      "PrimaryTelephone": "+123 1 123 1234",
      "EmailAddress": "lorem@ipsum.com",
      "PersonRole": "0",
      "Title": "Bom Jonnor 23awa",
      "ParentId": "f8bd7c1d-4769-47ba-b8b9-95922448b85f",
      "ShowInNavigation": true,
      "ViewUrl": "lorem-ispum",
      "ProfileCardImage": [],
      "Services": [
        {
          "Id": "d93dea53-fd29-4993-8d78-aa62fceb44d4",
          "CustomRoleTitle": null,
          "PrimaryTelephone": null,
          "EmailAddress": null,
          "PersonRole": "0",
          "Title": "Mergers and Acquisitions",
          "ParentId": "ad5a0c10-4a9b-4a89-83db-a1d69408b28f",
          "ShowInNavigation": true,
          "ViewUrl": "lorem-ispum"
        }
      ]
    },
    {
      "Id": "b70b3e22-4156-4720-ba54-6d394f43f480",
      "CustomRoleTitle": "Head Of Digital Services",
      "PrimaryTelephone": "+123 1 123 1234",
      "EmailAddress": "lorem@ipsum.com",
      "PersonRole": "0",
      "Title": "Tom Connor dfasdfa",
      "ParentId": "f8bd7c1d-4769-47ba-b8b9-95922448b85f",
      "ShowInNavigation": true,
      "ViewUrl": "lorem-ispum",
      "ProfileCardImage": [],
      "Services": [
        {
          "Id": "d93dea53-fd29-4993-8d78-aa62fceb44d4",
          "CustomRoleTitle": null,
          "PrimaryTelephone": null,
          "EmailAddress": null,
          "PersonRole": "0",
          "Title": "Mergers and Acquisitions",
          "ParentId": "ad5a0c10-4a9b-4a89-83db-a1d69408b28f",
          "ShowInNavigation": true,
          "ViewUrl": "lorem-ispum"
        }
      ]
    },
    {
      "Id": "474687da-58f5-478a-95eb-31de3b5eb8d0",
      "CustomRoleTitle": "Digital Services",
      "PrimaryTelephone": "+123 1 123 1234",
      "EmailAddress": "lorem@ipsum.com",
      "PersonRole": "1",
      "Title": "Zom Gonnor gsfgs",
      "ParentId": "f8bd7c1d-4769-47ba-b8b9-95922448b85f",
      "ShowInNavigation": true,
      "ViewUrl": "lorem-ispum",
      "ProfileCardImage": [],
      "Services": [
        {
          "Id": "d93dea53-fd29-4993-8d78-aa62fceb44d4",
          "CustomRoleTitle": null,
          "PrimaryTelephone": null,
          "EmailAddress": null,
          "PersonRole": "0",
          "Title": "Mergers and Acquisitions",
          "ParentId": "ad5a0c10-4a9b-4a89-83db-a1d69408b28f",
          "ShowInNavigation": true,
          "ViewUrl": "lorem-ispum"
        }
      ]
    }
  ]
}